{
    "accuracy": 0.9019337016574586,
    "precision_weighted": 0.9017435973120227,
    "recall_weighted": 0.9019337016574586,
    "f1_weighted": 0.9017516262914735,
    "evaluation_time_seconds": 624.4035046100616
}