{
    "accuracy": 0.8796616022099447,
    "precision_weighted": 0.8801113126008295,
    "recall_weighted": 0.8796616022099447,
    "f1_weighted": 0.8792042963974529,
    "evaluation_time_seconds": 691.0960745811462
}